name,id,timestamp
lily,06,2025-06-15 10:39:12
lily,06,2025-06-15 10:49:15
lily,06,2025-06-15 10:53:36
Elon Musk,1,2025-06-15 10:54:26
Elon Musk,1,2025-06-15 11:01:00
Elon Musk,1,2025-06-15 11:22:06
lara,22,2025-06-15 11:44:14
lara,22,2025-06-15 11:58:29
Elon Musk,1,2025-06-15 11:59:27
lara,22,2025-06-15 12:08:05
lara,22,2025-06-15 12:08:46
lara,22,2025-06-15 12:09:14
Elon Musk,1,2025-06-15 12:09:37
Elon Musk,1,2025-06-15 12:10:22
lara,22,2025-06-15 12:10:56
Elon Musk,1,2025-06-15 12:11:51
lara,22,2025-06-15 12:12:12
Elon Musk,1,2025-06-15 12:13:00
lara,22,2025-06-15 12:20:09
Elon Musk,1,2025-06-15 12:20:57
lara,22,2025-06-15 12:24:03
lara,22,2025-06-15 12:24:24
Elon Musk,1,2025-06-15 12:24:46
Elon Musk,1,2025-06-15 12:25:01
lara,22,2025-06-15 12:25:14
lara,22,2025-06-15 12:29:20
Elon Musk,1,2025-06-15 12:29:40
Elon Musk,1,2025-06-15 12:29:57
Elon Musk,1,2025-06-15 12:30:10
lara,22,2025-06-15 12:30:24
lara,22,2025-06-15 13:57:02
lara,22,2025-06-15 13:59:17
Elon Musk,1,2025-06-15 14:11:54
lara,22,2025-06-15 14:12:23
Elon Musk,1,2025-06-15 14:12:43
Elon Musk,1,2025-06-15 14:13:03
lara,22,2025-06-15 14:13:20
lara,22,2025-06-15 22:02:30
Elon Musk,1,2025-06-16 18:22:43
lara,22,2025-06-16 18:24:43
lara,22,2025-06-16 18:25:21
lara,22,2025-06-16 18:25:31
lara,22,2025-06-16 18:53:09
lara,22,2025-06-16 18:53:26
11,lil,2025-06-16 18:55:06
11,lil,2025-06-16 18:55:26
11,lil,2025-06-16 18:56:21
11,lil,2025-06-16 18:57:04
11,lil,2025-06-16 19:03:37
Elon Musk,1,2025-06-16 20:43:48
lara,5,2025-06-17 09:05:59
lara,5,2025-06-19 13:29:23
lara,5,2025-06-19 13:30:52
lara,5,2025-06-19 13:33:30
kiru,29,2025-06-22 17:25:07
